manifest,block,wall_clock_ns,cpu_ns,gas_used,tx_count,success_count,rss_bytes,gas_per_sec
synthetic/thousand-tx-block/short,1,41486000,41449000,21000000,1000,1000,125976576,506194860.92
synthetic/thousand-tx-block/short,2,40227375,40190000,21000000,1000,1000,126320640,522032571.10
synthetic/thousand-tx-block/short,3,39833250,39797000,21000000,1000,1000,126681088,527197755.64
synthetic/thousand-tx-block/short,4,40054167,40022000,21000000,1000,1000,126959616,524290019.56
synthetic/thousand-tx-block/short,5,41385333,41352000,21000000,1000,1000,127107072,507426145.39
synthetic/thousand-tx-block/short,6,41382042,41321000,21000000,1000,1000,127500288,507466499.60
synthetic/thousand-tx-block/short,7,47029750,43614000,21000000,1000,1000,128221184,446525869.26
synthetic/thousand-tx-block/short,8,57620458,49599000,21000000,1000,1000,128942080,364453888.93
synthetic/thousand-tx-block/short,9,42400375,41342000,21000000,1000,1000,129040384,495278638.46
synthetic/thousand-tx-block/short,10,40459334,40444000,21000000,1000,1000,129548288,519039685.63
synthetic/thousand-tx-block/short,11,40929000,40917000,21000000,1000,1000,129957888,513083632.63
synthetic/thousand-tx-block/short,12,42348833,42278000,21000000,1000,1000,130367488,495881433.14
synthetic/thousand-tx-block/short,13,44224042,44180000,21000000,1000,1000,130760704,474854831.23
synthetic/thousand-tx-block/short,14,40587708,40551000,21000000,1000,1000,130777088,517398026.02
synthetic/thousand-tx-block/short,15,40493625,40443000,21000000,1000,1000,131055616,518600150.02
synthetic/thousand-tx-block/short,16,40292292,40276000,21000000,1000,1000,131088384,521191497.37
synthetic/thousand-tx-block/short,17,39753417,39743000,21000000,1000,1000,131203072,528256476.67
synthetic/thousand-tx-block/short,18,42668333,42668000,21000000,1000,1000,131530752,492168278.52
synthetic/thousand-tx-block/short,19,40249208,40225000,21000000,1000,1000,131842048,521749396.91
synthetic/thousand-tx-block/short,20,39517541,39517000,21000000,1000,1000,131842048,531409583.40
synthetic/thousand-tx-block/short,21,41045250,41046000,21000000,1000,1000,132005888,511630456.63
synthetic/thousand-tx-block/short,22,39392875,39378000,21000000,1000,1000,132055040,533091326.79
synthetic/thousand-tx-block/short,23,39193417,39194000,21000000,1000,1000,132251648,535804265.29
synthetic/thousand-tx-block/short,24,39249750,39249000,21000000,1000,1000,132251648,535035255.00
synthetic/thousand-tx-block/short,25,39725958,39708000,21000000,1000,1000,132268032,528621613.10
synthetic/thousand-tx-block/short,26,39274625,39267000,21000000,1000,1000,132481024,534696384.75
synthetic/thousand-tx-block/short,27,40446875,40447000,21000000,1000,1000,132481024,519199567.33
synthetic/thousand-tx-block/short,28,39668459,39628000,21000000,1000,1000,132481024,529387844.38
synthetic/thousand-tx-block/short,29,39342750,39342000,21000000,1000,1000,132481024,533770516.80
synthetic/thousand-tx-block/short,30,38939458,38926000,21000000,1000,1000,132481024,539298723.68
synthetic/thousand-tx-block/short,31,38912583,38904000,21000000,1000,1000,132759552,539671190.68
synthetic/thousand-tx-block/short,32,38931333,38931000,21000000,1000,1000,133070848,539411275.75
synthetic/thousand-tx-block/short,33,38616458,38616000,21000000,1000,1000,133218304,543809585.02
synthetic/thousand-tx-block/short,34,38960166,38961000,21000000,1000,1000,133316608,539012077.10
synthetic/thousand-tx-block/short,35,39354166,39343000,21000000,1000,1000,133316608,533615678.71
synthetic/thousand-tx-block/short,36,40456750,40456000,21000000,1000,1000,133316608,519072837.04
synthetic/thousand-tx-block/short,37,39476708,39477000,21000000,1000,1000,133316608,531959250.50
synthetic/thousand-tx-block/short,38,40072000,40065000,21000000,1000,1000,133316608,524056697.94
synthetic/thousand-tx-block/short,39,40680584,40656000,21000000,1000,1000,133677056,516216778.01
synthetic/thousand-tx-block/short,40,39894208,39875000,21000000,1000,1000,133677056,526392202.10
synthetic/thousand-tx-block/short,41,39904291,39897000,21000000,1000,1000,133955584,526259193.53
synthetic/thousand-tx-block/short,42,39595584,39588000,21000000,1000,1000,133955584,530362173.72
synthetic/thousand-tx-block/short,43,39661709,39651000,21000000,1000,1000,134053888,529477940.55
synthetic/thousand-tx-block/short,44,39631042,39624000,21000000,1000,1000,134053888,529887657.26
synthetic/thousand-tx-block/short,45,39524750,39517000,21000000,1000,1000,134053888,531312658.52
synthetic/thousand-tx-block/short,46,39346959,39319000,21000000,1000,1000,134053888,533713418.62
synthetic/thousand-tx-block/short,47,39498000,39498000,21000000,1000,1000,134053888,531672489.75
synthetic/thousand-tx-block/short,48,39561334,39561000,21000000,1000,1000,134053888,530821331.76
synthetic/thousand-tx-block/short,49,40104166,40082000,21000000,1000,1000,134053888,523636372.34
synthetic/thousand-tx-block/short,50,39389000,39390000,21000000,1000,1000,134070272,533143771.10
synthetic/thousand-tx-block/short,51,39833667,39817000,21000000,1000,1000,134070272,527192236.66
synthetic/thousand-tx-block/short,52,39067667,39068000,21000000,1000,1000,134103040,537528898.26
synthetic/thousand-tx-block/short,53,39229541,39230000,21000000,1000,1000,134299648,535310877.08
synthetic/thousand-tx-block/short,54,39516333,39485000,21000000,1000,1000,134332416,531425828.40
synthetic/thousand-tx-block/short,55,39627792,39554000,21000000,1000,1000,134332416,529931115.01
synthetic/thousand-tx-block/short,56,39185375,39185000,21000000,1000,1000,134332416,535914228.20
synthetic/thousand-tx-block/short,57,38771875,38773000,21000000,1000,1000,134332416,541629725.16
synthetic/thousand-tx-block/short,58,38979542,38979000,21000000,1000,1000,134332416,538744144.30
synthetic/thousand-tx-block/short,59,39904416,39896000,21000000,1000,1000,134332416,526257545.03
synthetic/thousand-tx-block/short,60,39582708,39572000,21000000,1000,1000,134332416,530534697.12
synthetic/thousand-tx-block/short,61,39868708,39869000,21000000,1000,1000,134332416,526728882.21
synthetic/thousand-tx-block/short,62,39399709,39400000,21000000,1000,1000,134332416,532998860.47
synthetic/thousand-tx-block/short,63,40020458,39955000,21000000,1000,1000,134332416,524731626.01
synthetic/thousand-tx-block/short,64,40470000,40375000,21000000,1000,1000,134332416,518902891.03
synthetic/thousand-tx-block/short,65,41502875,41483000,21000000,1000,1000,134348800,505989042.93
synthetic/thousand-tx-block/short,66,39822958,39823000,21000000,1000,1000,134348800,527334006.68
synthetic/thousand-tx-block/short,67,39752917,39739000,21000000,1000,1000,134348800,528263120.92
synthetic/thousand-tx-block/short,68,39308041,39308000,21000000,1000,1000,134348800,534241836.17
synthetic/thousand-tx-block/short,69,39497708,39475000,21000000,1000,1000,134348800,531676420.31
synthetic/thousand-tx-block/short,70,39397458,39382000,21000000,1000,1000,134348800,533029313.72
synthetic/thousand-tx-block/short,71,39671042,39649000,21000000,1000,1000,134348800,529353375.69
synthetic/thousand-tx-block/short,72,39660500,39658000,21000000,1000,1000,134348800,529494081.01
synthetic/thousand-tx-block/short,73,39270250,39264000,21000000,1000,1000,134348800,534755953.93
synthetic/thousand-tx-block/short,74,39367917,39368000,21000000,1000,1000,134348800,533429289.64
synthetic/thousand-tx-block/short,75,39614333,39589000,21000000,1000,1000,134348800,530111159.51
synthetic/thousand-tx-block/short,76,39276167,39272000,21000000,1000,1000,134348800,534675392.33
synthetic/thousand-tx-block/short,77,39570958,39570000,21000000,1000,1000,134348800,530692231.41
synthetic/thousand-tx-block/short,78,39678125,39647000,21000000,1000,1000,134348800,529258880.05
synthetic/thousand-tx-block/short,79,39578916,39565000,21000000,1000,1000,134348800,530585526.90
synthetic/thousand-tx-block/short,80,39197375,39192000,21000000,1000,1000,134348800,535750161.84
synthetic/thousand-tx-block/short,81,38727291,38726000,21000000,1000,1000,134365184,542253265.27
synthetic/thousand-tx-block/short,82,38520000,38520000,21000000,1000,1000,134365184,545171339.56
synthetic/thousand-tx-block/short,83,38418709,38409000,21000000,1000,1000,134365184,546608684.85
synthetic/thousand-tx-block/short,84,38655917,38656000,21000000,1000,1000,134365184,543254477.70
synthetic/thousand-tx-block/short,85,38751209,38742000,21000000,1000,1000,134365184,541918576.01
synthetic/thousand-tx-block/short,86,38948292,38948000,21000000,1000,1000,134365184,539176403.42
synthetic/thousand-tx-block/short,87,39383458,39384000,21000000,1000,1000,134365184,533218794.55
synthetic/thousand-tx-block/short,88,40359667,40309000,21000000,1000,1000,134365184,520321438.73
synthetic/thousand-tx-block/short,89,42981584,41329000,21000000,1000,1000,134365184,488581342.19
synthetic/thousand-tx-block/short,90,40675959,40633000,21000000,1000,1000,134365184,516275473.68
synthetic/thousand-tx-block/short,91,40246292,40204000,21000000,1000,1000,134381568,521787199.68
synthetic/thousand-tx-block/short,92,39190333,39189000,21000000,1000,1000,134381568,535846429.27
synthetic/thousand-tx-block/short,93,40034833,40001000,21000000,1000,1000,134381568,524543214.66
synthetic/thousand-tx-block/short,94,39522792,39515000,21000000,1000,1000,134381568,531338980.30
synthetic/thousand-tx-block/short,95,40066375,40054000,21000000,1000,1000,134414336,524130271.33
synthetic/thousand-tx-block/short,96,39554875,39550000,21000000,1000,1000,134414336,530908010.71
synthetic/thousand-tx-block/short,97,39240625,39240000,21000000,1000,1000,134414336,535159671.90
synthetic/thousand-tx-block/short,98,39037208,39037000,21000000,1000,1000,134414336,537948308.19
synthetic/thousand-tx-block/short,99,40487042,40476000,21000000,1000,1000,134414336,518684471.94
synthetic/thousand-tx-block/short,100,40400834,40387000,21000000,1000,1000,134512640,519791249.85
synthetic/thousand-tx-block/short,101,40066250,40049000,21000000,1000,1000,134512640,524131906.53
synthetic/thousand-tx-block/short,102,39651417,39642000,21000000,1000,1000,134512640,529615372.89
synthetic/thousand-tx-block/short,103,39117417,39117000,21000000,1000,1000,134512640,536845262.56
synthetic/thousand-tx-block/short,104,39421792,39418000,21000000,1000,1000,134643712,532700289.22
synthetic/thousand-tx-block/short,105,39248750,39246000,21000000,1000,1000,134660096,535048886.91
synthetic/thousand-tx-block/short,106,39076875,39077000,21000000,1000,1000,134856704,537402235.98
synthetic/thousand-tx-block/short,107,38619292,38608000,21000000,1000,1000,134889472,543769678.64
synthetic/thousand-tx-block/short,108,38466917,38467000,21000000,1000,1000,135168000,545923656.94
synthetic/thousand-tx-block/short,109,38389500,38386000,21000000,1000,1000,135184384,547024577.03
synthetic/thousand-tx-block/short,110,38896625,38888000,21000000,1000,1000,135184384,539892599.94
synthetic/thousand-tx-block/short,111,38611875,38612000,21000000,1000,1000,135200768,543874131.99
synthetic/thousand-tx-block/short,112,38759625,38746000,21000000,1000,1000,135315456,541800907.52
synthetic/thousand-tx-block/short,113,38804584,38804000,21000000,1000,1000,135331840,541173176.86
synthetic/thousand-tx-block/short,114,39243042,39236000,21000000,1000,1000,135446528,535126711.12
synthetic/thousand-tx-block/short,115,39173208,39168000,21000000,1000,1000,135446528,536080680.45
synthetic/thousand-tx-block/short,116,39867291,39855000,21000000,1000,1000,135446528,526747603.69
synthetic/thousand-tx-block/short,117,40725375,40705000,21000000,1000,1000,135446528,515649027.17
synthetic/thousand-tx-block/short,118,39542083,39535000,21000000,1000,1000,135446528,531079761.28
synthetic/thousand-tx-block/short,119,39501875,39494000,21000000,1000,1000,135446528,531620334.48
synthetic/thousand-tx-block/short,120,39699000,39700000,21000000,1000,1000,135544832,528980578.86
synthetic/thousand-tx-block/short,121,39655666,39632000,21000000,1000,1000,135577600,529558626.00
synthetic/thousand-tx-block/short,122,38913500,38904000,21000000,1000,1000,135577600,539658473.28
synthetic/thousand-tx-block/short,123,39064375,39064000,21000000,1000,1000,135577600,537574196.44
synthetic/thousand-tx-block/short,124,39941625,39941000,21000000,1000,1000,135610368,525767291.64
synthetic/thousand-tx-block/short,125,39694417,39689000,21000000,1000,1000,135692288,529041653.39
synthetic/thousand-tx-block/short,126,39592916,39572000,21000000,1000,1000,135692288,530397912.60
synthetic/thousand-tx-block/short,127,39211167,39210000,21000000,1000,1000,135692288,535561718.94
synthetic/thousand-tx-block/short,128,42047709,42048000,21000000,1000,1000,135692288,499432680.15
synthetic/thousand-tx-block/short,129,39436334,39432000,21000000,1000,1000,135725056,532503857.99
synthetic/thousand-tx-block/short,130,39624750,39600000,21000000,1000,1000,135757824,529971797.93
synthetic/thousand-tx-block/short,131,38790667,38779000,21000000,1000,1000,135757824,541367334.57
synthetic/thousand-tx-block/short,132,39480584,39451000,21000000,1000,1000,135757824,531907025.49
synthetic/thousand-tx-block/short,133,39126375,39095000,21000000,1000,1000,135757824,536722351.61
synthetic/thousand-tx-block/short,134,39011542,39011000,21000000,1000,1000,135757824,538302228.61
synthetic/thousand-tx-block/short,135,39443000,39435000,21000000,1000,1000,135823360,532413863.04
synthetic/thousand-tx-block/short,136,40590084,40591000,21000000,1000,1000,135856128,517367739.37
synthetic/thousand-tx-block/short,137,39498708,39494000,21000000,1000,1000,135856128,531662959.71
synthetic/thousand-tx-block/short,138,39609208,39598000,21000000,1000,1000,135856128,530179750.12
synthetic/thousand-tx-block/short,139,39502625,39472000,21000000,1000,1000,135905280,531610241.09
synthetic/thousand-tx-block/short,140,39319500,39296000,21000000,1000,1000,135905280,534086140.46
synthetic/thousand-tx-block/short,141,38979584,38980000,21000000,1000,1000,135905280,538743563.81
synthetic/thousand-tx-block/short,142,39500791,39501000,21000000,1000,1000,135905280,531634923.46
synthetic/thousand-tx-block/short,143,41586208,41562000,21000000,1000,1000,135921664,504975110.98
synthetic/thousand-tx-block/short,144,39527209,39527000,21000000,1000,1000,135921664,531279605.40
synthetic/thousand-tx-block/short,145,39485875,39479000,21000000,1000,1000,135938048,531835751.39
synthetic/thousand-tx-block/short,146,39297417,39266000,21000000,1000,1000,136019968,534386267.68
synthetic/thousand-tx-block/short,147,39244708,39244000,21000000,1000,1000,136019968,535103994.15
synthetic/thousand-tx-block/short,148,39743875,39726000,21000000,1000,1000,136019968,528383304.35
synthetic/thousand-tx-block/short,149,41655208,41631000,21000000,1000,1000,136019968,504138642.16
synthetic/thousand-tx-block/short,150,39530459,39530000,21000000,1000,1000,136019968,531235926.20
synthetic/thousand-tx-block/short,151,39716959,39706000,21000000,1000,1000,136019968,528741387.27
synthetic/thousand-tx-block/short,152,40253208,40253000,21000000,1000,1000,136019968,521697550.17
synthetic/thousand-tx-block/short,153,39666959,39647000,21000000,1000,1000,136019968,529407863.10
synthetic/thousand-tx-block/short,154,39388958,39387000,21000000,1000,1000,136019968,533144339.59
synthetic/thousand-tx-block/short,155,39256375,39257000,21000000,1000,1000,136019968,534944961.17
synthetic/thousand-tx-block/short,156,39316708,39317000,21000000,1000,1000,136019968,534124067.56
synthetic/thousand-tx-block/short,157,39424792,39406000,21000000,1000,1000,136019968,532659753.79
synthetic/thousand-tx-block/short,158,38764833,38765000,21000000,1000,1000,136019968,541728117.34
synthetic/thousand-tx-block/short,159,38447458,38447000,21000000,1000,1000,136036352,546199959.44
synthetic/thousand-tx-block/short,160,38443250,38443000,21000000,1000,1000,136036352,546259746.51
synthetic/thousand-tx-block/short,161,38739958,38729000,21000000,1000,1000,136036352,542075961.98
synthetic/thousand-tx-block/short,162,38629000,38629000,21000000,1000,1000,136036352,543633021.82
synthetic/thousand-tx-block/short,163,38981250,38975000,21000000,1000,1000,136036352,538720538.72
synthetic/thousand-tx-block/short,164,39542208,39534000,21000000,1000,1000,136036352,531078082.44
synthetic/thousand-tx-block/short,165,39766667,39751000,21000000,1000,1000,136036352,528080464.98
synthetic/thousand-tx-block/short,166,39499083,39499000,21000000,1000,1000,136036352,531657912.16
synthetic/thousand-tx-block/short,167,40467667,40441000,21000000,1000,1000,136036352,518932806.28
synthetic/thousand-tx-block/short,168,40158125,40124000,21000000,1000,1000,136036352,522932781.35
synthetic/thousand-tx-block/short,169,40164083,40148000,21000000,1000,1000,136036352,522855208.72
synthetic/thousand-tx-block/short,170,39228542,39229000,21000000,1000,1000,136036352,535324509.38
synthetic/thousand-tx-block/short,171,39838125,39822000,21000000,1000,1000,136036352,527133242.34
synthetic/thousand-tx-block/short,172,39795667,39780000,21000000,1000,1000,136134656,527695640.83
synthetic/thousand-tx-block/short,173,39059417,39059000,21000000,1000,1000,136134656,537642433.32
synthetic/thousand-tx-block/short,174,39354041,39348000,21000000,1000,1000,136134656,533617373.63
synthetic/thousand-tx-block/short,175,39795625,39755000,21000000,1000,1000,136134656,527696197.76
synthetic/thousand-tx-block/short,176,39592458,39570000,21000000,1000,1000,136134656,530404048.16
synthetic/thousand-tx-block/short,177,39248583,39248000,21000000,1000,1000,136134656,535051163.50
synthetic/thousand-tx-block/short,178,39139709,39139000,21000000,1000,1000,136134656,536539502.63
synthetic/thousand-tx-block/short,179,42940042,42933000,21000000,1000,1000,136151040,489054016.30
synthetic/thousand-tx-block/short,180,42097333,42072000,21000000,1000,1000,136151040,498843952.89
synthetic/thousand-tx-block/short,181,40653792,40617000,21000000,1000,1000,136151040,516556979.48
synthetic/thousand-tx-block/short,182,39094834,39095000,21000000,1000,1000,136151040,537155369.43
synthetic/thousand-tx-block/short,183,38693625,38694000,21000000,1000,1000,136151040,542725061.30
synthetic/thousand-tx-block/short,184,38721667,38711000,21000000,1000,1000,135708672,542332023.05
synthetic/thousand-tx-block/short,185,38668042,38668000,21000000,1000,1000,135708672,543084131.34
synthetic/thousand-tx-block/short,186,39177833,39175000,21000000,1000,1000,135708672,536017395.35
synthetic/thousand-tx-block/short,187,39697292,39666000,21000000,1000,1000,135708672,529003338.57
synthetic/thousand-tx-block/short,188,39648167,39632000,21000000,1000,1000,135708672,529658785.99
synthetic/thousand-tx-block/short,189,39485083,39482000,21000000,1000,1000,134856704,531846419.06
synthetic/thousand-tx-block/short,190,39532459,39523000,21000000,1000,1000,134889472,531209050.26
synthetic/thousand-tx-block/short,191,38975792,38976000,21000000,1000,1000,134889472,538795978.80
synthetic/thousand-tx-block/short,192,39054000,39054000,21000000,1000,1000,134889472,537717007.22
synthetic/thousand-tx-block/short,193,39440542,39440000,21000000,1000,1000,134889472,532447043.96
synthetic/thousand-tx-block/short,194,39940458,39865000,21000000,1000,1000,134889472,525782653.77
synthetic/thousand-tx-block/short,195,40970208,40954000,21000000,1000,1000,134889472,512567571.05
synthetic/thousand-tx-block/short,196,39594042,39594000,21000000,1000,1000,134889472,530382828.81
synthetic/thousand-tx-block/short,197,39224708,39216000,21000000,1000,1000,134922240,535376834.42
synthetic/thousand-tx-block/short,198,39535708,39529000,21000000,1000,1000,134922240,531165396.10
synthetic/thousand-tx-block/short,199,39271209,39272000,21000000,1000,1000,134938624,534742895.23
synthetic/thousand-tx-block/short,200,40400000,40387000,21000000,1000,1000,134938624,519801980.20
